Consectetuer Associates,vRouter
Consectetuer Associates,vSwitch
Consectetuer Associates,vFirewall
Consectetuer Associates,vNAT
Consectetuer Associates,vDNS
Consectetuer Associates,vLoadBalancer
Consectetuer Associates,vGateway
Consectetuer Associates,vEPC
Consectetuer Associates,vBNG
Consectetuer Associates,vG_Mux
Consectetuer Associates,vDHCP
Consectetuer Associates,vAAA
Donec LLP,vRouter
Donec LLP,vSwitch
Donec LLP,vFirewall
Donec LLP,vNAT
Donec LLP,vDNS
Donec LLP,vLoadBalancer
Donec LLP,vGateway
Donec LLP,vEPC
Donec LLP,vBNG
Donec LLP,vG_Mux
Donec LLP,vDHCP
Donec LLP,vAAA
Risus Duis A Inc.,vRouter
Risus Duis A Inc.,vSwitch
Risus Duis A Inc.,vFirewall
Risus Duis A Inc.,vNAT
Risus Duis A Inc.,vDNS
Risus Duis A Inc.,vLoadBalancer
Risus Duis A Inc.,vGateway
Risus Duis A Inc.,vEPC
Risus Duis A Inc.,vBNG
Risus Duis A Inc.,vG_Mux
Risus Duis A Inc.,vDHCP
Risus Duis A Inc.,vAAA
Sapien Consulting,vRouter
Sapien Consulting,vSwitch
Sapien Consulting,vFirewall
Sapien Consulting,vNAT
Sapien Consulting,vDNS
Sapien Consulting,vLoadBalancer
Sapien Consulting,vGateway
Sapien Consulting,vEPC
Sapien Consulting,vBNG
Sapien Consulting,vG_Mux
Sapien Consulting,vDHCP
Sapien Consulting,vAAA
Hendrerit Inc.,vRouter
Hendrerit Inc.,vSwitch
Hendrerit Inc.,vFirewall
Hendrerit Inc.,vNAT
Hendrerit Inc.,vDNS
Hendrerit Inc.,vLoadBalancer
Hendrerit Inc.,vGateway
Hendrerit Inc.,vEPC
Hendrerit Inc.,vBNG
Hendrerit Inc.,vG_Mux
Hendrerit Inc.,vDHCP
Hendrerit Inc.,vAAA
